name,code,category,defaultUnit
Copper Wire Rod Cu 8.00 mm (Grade A),CU-ROD-08,Bahan Baku,KG
Bare Copper Wire BCW 1.20 mm,CU-WIRE-12,Kawat Konduktor,KG
Tembaga Halus Finewire 0.40 mm,CU-WIRE-04,Kawat Konduktor,KG
Aluminum Wire Rod EC Grade 9.5 mm,AL-ROD-95,Bahan Baku,KG
PVC Compound Insulation Black (Type TI1),PVC-INS-BK,Isolasi & Selubung,KG
PVC Sheathing Compound Grey (Type TM1),PVC-SHT-GY,Isolasi & Selubung,KG
XLPE Compound Natural Insulation (Medium Voltage),XLPE-INS-NT,Isolasi & Selubung,KG
Galvanized Steel Tape 0.50 x 30 mm,ST-TAPE-05,Armouring / Pelindung,ROLL
Copper Tape Screen 0.10 x 25 mm,CU-TAPE-01,Screening,ROLL
Wooden Drum Flange D-1800 (Drum Kayu),DRUM-KD-18,Packaging,DRUM
Drawing Lubricant Sintetis (Minyak Pelumas Tarik),LUB-DRAW-SYN,Penunjang Produksi,LTR
Tungsten Carbide Dies 1.15 mm,DIE-TC-115,Sparepart Mesin,PCS
Water Blocking Semi-Conductive Tape,WB-TAPE-02,Material Penunjang,MTR
Plastic Stretch Film 500 mm x 300 m,FILM-STRETCH,Packaging,ROLL
